url,issue,priority
https://donau-ries-haustechnik.de/,Generic title starts with Home,Medium
https://donau-ries-haustechnik.de/,H1 count is 2,Medium
https://donau-ries-haustechnik.de/,14 image(s) missing alt text,Medium
https://donau-ries-haustechnik.de/3d-planer-danke/,Missing meta description,High
https://donau-ries-haustechnik.de/3d-planer-danke/,H1 count is 2,Medium
https://donau-ries-haustechnik.de/3d-planer-danke/,Missing canonical,Medium
https://donau-ries-haustechnik.de/3d-planer-danke/,5 image(s) missing alt text,Medium
https://donau-ries-haustechnik.de/bad-aus-einer-hand/,Missing meta description,High
https://donau-ries-haustechnik.de/bad-aus-einer-hand/,H1 count is 2,Medium
https://donau-ries-haustechnik.de/bad-aus-einer-hand/,Missing canonical,Medium
https://donau-ries-haustechnik.de/bad-aus-einer-hand/,4 image(s) missing alt text,Medium
https://donau-ries-haustechnik.de/bad-zum-festpreis/,Missing meta description,High
https://donau-ries-haustechnik.de/bad-zum-festpreis/,H1 count is 2,Medium
https://donau-ries-haustechnik.de/bad-zum-festpreis/,Missing canonical,Medium
https://donau-ries-haustechnik.de/bad-zum-festpreis/,4 image(s) missing alt text,Medium
https://donau-ries-haustechnik.de/bad/,Missing meta description,High
https://donau-ries-haustechnik.de/bad/,H1 count is 9,Medium
https://donau-ries-haustechnik.de/bad/,Missing canonical,Medium
https://donau-ries-haustechnik.de/bad/,16 image(s) missing alt text,Medium
https://donau-ries-haustechnik.de/badinspiration-musterbaeder/,Missing meta description,High
https://donau-ries-haustechnik.de/badinspiration-musterbaeder/,H1 count is 2,Medium
https://donau-ries-haustechnik.de/badinspiration-musterbaeder/,Missing canonical,Medium
https://donau-ries-haustechnik.de/badinspiration-musterbaeder/,9 image(s) missing alt text,Medium
https://donau-ries-haustechnik.de/badplanung/,Missing meta description,High
https://donau-ries-haustechnik.de/badplanung/,5 image(s) missing alt text,Medium
https://donau-ries-haustechnik.de/badsanierung-premiumbad-ideen/,Missing meta description,High
https://donau-ries-haustechnik.de/badsanierung-premiumbad-ideen/,H1 count is 2,Medium
https://donau-ries-haustechnik.de/badsanierung-premiumbad-ideen/,Missing canonical,Medium
https://donau-ries-haustechnik.de/badsanierung-premiumbad-ideen/,10 image(s) missing alt text,Medium
https://donau-ries-haustechnik.de/badsanierung/,Missing meta description,High
https://donau-ries-haustechnik.de/badsanierung/,H1 count is 2,Medium
https://donau-ries-haustechnik.de/badsanierung/,Missing canonical,Medium
https://donau-ries-haustechnik.de/badsanierung/,5 image(s) missing alt text,Medium
https://donau-ries-haustechnik.de/barrierefreies-bad/,Missing meta description,High
https://donau-ries-haustechnik.de/barrierefreies-bad/,H1 count is 2,Medium
https://donau-ries-haustechnik.de/barrierefreies-bad/,Missing canonical,Medium
https://donau-ries-haustechnik.de/barrierefreies-bad/,5 image(s) missing alt text,Medium
https://donau-ries-haustechnik.de/barrierefreiheitserklaerung/,Missing meta description,High
https://donau-ries-haustechnik.de/barrierefreiheitserklaerung/,H1 count is 2,Medium
https://donau-ries-haustechnik.de/barrierefreiheitserklaerung/,Missing canonical,Medium
https://donau-ries-haustechnik.de/barrierefreiheitserklaerung/,5 image(s) missing alt text,Medium
https://donau-ries-haustechnik.de/bhkw/,Missing meta description,High
https://donau-ries-haustechnik.de/bhkw/,H1 count is 2,Medium
https://donau-ries-haustechnik.de/bhkw/,Missing canonical,Medium
https://donau-ries-haustechnik.de/bhkw/,4 image(s) missing alt text,Medium
https://donau-ries-haustechnik.de/budgetkalkulator-bad-ihr-ergebnis/,Missing meta description,High
https://donau-ries-haustechnik.de/budgetkalkulator-bad-ihr-ergebnis/,Missing canonical,Medium
https://donau-ries-haustechnik.de/budgetkalkulator-bad-ihr-ergebnis/,5 image(s) missing alt text,Medium
https://donau-ries-haustechnik.de/budgetkalkulator-bad-thank-you/,Missing meta description,High
https://donau-ries-haustechnik.de/budgetkalkulator-bad-thank-you/,Missing canonical,Medium
https://donau-ries-haustechnik.de/budgetkalkulator-bad-thank-you/,5 image(s) missing alt text,Medium
https://donau-ries-haustechnik.de/budgetkalkulator-bad-uebersicht/,Missing meta description,High
https://donau-ries-haustechnik.de/budgetkalkulator-bad-uebersicht/,Missing canonical,Medium
https://donau-ries-haustechnik.de/budgetkalkulator-bad-uebersicht/,5 image(s) missing alt text,Medium
https://donau-ries-haustechnik.de/danke-ausbildung-shk/,Missing meta description,High
https://donau-ries-haustechnik.de/danke-ausbildung-shk/,H1 count is 2,Medium
https://donau-ries-haustechnik.de/danke-ausbildung-shk/,Missing canonical,Medium
https://donau-ries-haustechnik.de/danke-ausbildung-shk/,5 image(s) missing alt text,Medium
https://donau-ries-haustechnik.de/danke-bad-5000-euro/,Missing meta description,High
https://donau-ries-haustechnik.de/danke-bad-5000-euro/,H1 count is 2,Medium
https://donau-ries-haustechnik.de/danke-bad-5000-euro/,Missing canonical,Medium
https://donau-ries-haustechnik.de/danke-bad-5000-euro/,5 image(s) missing alt text,Medium
https://donau-ries-haustechnik.de/danke-badkonfigurator-2/,Missing meta description,High
https://donau-ries-haustechnik.de/danke-badkonfigurator-2/,H1 count is 2,Medium
https://donau-ries-haustechnik.de/danke-badkonfigurator-2/,Missing canonical,Medium
https://donau-ries-haustechnik.de/danke-badkonfigurator-2/,5 image(s) missing alt text,Medium
https://donau-ries-haustechnik.de/danke-badsanierung-premiumbad/,Missing meta description,High
https://donau-ries-haustechnik.de/danke-badsanierung-premiumbad/,H1 count is 2,Medium
https://donau-ries-haustechnik.de/danke-badsanierung-premiumbad/,Missing canonical,Medium
https://donau-ries-haustechnik.de/danke-badsanierung-premiumbad/,5 image(s) missing alt text,Medium
https://donau-ries-haustechnik.de/danke-broetje-gasheizung/,Missing meta description,High
https://donau-ries-haustechnik.de/danke-broetje-gasheizung/,H1 count is 2,Medium
https://donau-ries-haustechnik.de/danke-broetje-gasheizung/,Missing canonical,Medium
https://donau-ries-haustechnik.de/danke-broetje-gasheizung/,5 image(s) missing alt text,Medium
https://donau-ries-haustechnik.de/danke-dusch-wc/,Missing meta description,High
https://donau-ries-haustechnik.de/danke-dusch-wc/,H1 count is 2,Medium
https://donau-ries-haustechnik.de/danke-dusch-wc/,Missing canonical,Medium
https://donau-ries-haustechnik.de/danke-dusch-wc/,5 image(s) missing alt text,Medium
https://donau-ries-haustechnik.de/danke-duschabtrennung/,Missing meta description,High
https://donau-ries-haustechnik.de/danke-duschabtrennung/,H1 count is 2,Medium
https://donau-ries-haustechnik.de/danke-duschabtrennung/,Missing canonical,Medium
https://donau-ries-haustechnik.de/danke-duschabtrennung/,5 image(s) missing alt text,Medium
https://donau-ries-haustechnik.de/danke-foerderung-heizung/,Missing meta description,High
https://donau-ries-haustechnik.de/danke-foerderung-heizung/,H1 count is 2,Medium
https://donau-ries-haustechnik.de/danke-foerderung-heizung/,Missing canonical,Medium
https://donau-ries-haustechnik.de/danke-foerderung-heizung/,5 image(s) missing alt text,Medium
https://donau-ries-haustechnik.de/danke-heizung/,Missing meta description,High
https://donau-ries-haustechnik.de/danke-heizung/,H1 count is 2,Medium
https://donau-ries-haustechnik.de/danke-heizung/,Missing canonical,Medium
https://donau-ries-haustechnik.de/danke-heizung/,5 image(s) missing alt text,Medium
https://donau-ries-haustechnik.de/danke-jobs-shk/,Missing meta description,High
https://donau-ries-haustechnik.de/danke-jobs-shk/,H1 count is 2,Medium
https://donau-ries-haustechnik.de/danke-jobs-shk/,Missing canonical,Medium
https://donau-ries-haustechnik.de/danke-jobs-shk/,5 image(s) missing alt text,Medium
https://donau-ries-haustechnik.de/danke-kontaktformular/,Missing meta description,High
https://donau-ries-haustechnik.de/danke-kontaktformular/,H1 count is 2,Medium
https://donau-ries-haustechnik.de/danke-kontaktformular/,Missing canonical,Medium
https://donau-ries-haustechnik.de/danke-kontaktformular/,5 image(s) missing alt text,Medium
https://donau-ries-haustechnik.de/danke-pelletheizung/,Missing meta description,High
https://donau-ries-haustechnik.de/danke-pelletheizung/,H1 count is 2,Medium
https://donau-ries-haustechnik.de/danke-pelletheizung/,Missing canonical,Medium
https://donau-ries-haustechnik.de/danke-pelletheizung/,5 image(s) missing alt text,Medium
https://donau-ries-haustechnik.de/danke-photovoltaik-angebot/,Missing meta description,High
https://donau-ries-haustechnik.de/danke-photovoltaik-angebot/,H1 count is 2,Medium
https://donau-ries-haustechnik.de/danke-photovoltaik-angebot/,Missing canonical,Medium
https://donau-ries-haustechnik.de/danke-photovoltaik-angebot/,5 image(s) missing alt text,Medium
https://donau-ries-haustechnik.de/danke-samsung-waermepumpe/,Missing meta description,High
https://donau-ries-haustechnik.de/danke-samsung-waermepumpe/,H1 count is 2,Medium
https://donau-ries-haustechnik.de/danke-samsung-waermepumpe/,Missing canonical,Medium
https://donau-ries-haustechnik.de/danke-samsung-waermepumpe/,5 image(s) missing alt text,Medium
https://donau-ries-haustechnik.de/danke-waermepumpe-angebot/,Missing meta description,High
https://donau-ries-haustechnik.de/danke-waermepumpe-angebot/,H1 count is 2,Medium
https://donau-ries-haustechnik.de/danke-waermepumpe-angebot/,Missing canonical,Medium
https://donau-ries-haustechnik.de/danke-waermepumpe-angebot/,5 image(s) missing alt text,Medium
https://donau-ries-haustechnik.de/datenschutz/,Missing meta description,High
https://donau-ries-haustechnik.de/datenschutz/,Missing canonical,Medium
https://donau-ries-haustechnik.de/datenschutz/,5 image(s) missing alt text,Medium
https://donau-ries-haustechnik.de/dezentrale-wohnraumlueftung/,Missing meta description,High
https://donau-ries-haustechnik.de/dezentrale-wohnraumlueftung/,H1 count is 2,Medium
https://donau-ries-haustechnik.de/dezentrale-wohnraumlueftung/,Missing canonical,Medium
https://donau-ries-haustechnik.de/dezentrale-wohnraumlueftung/,4 image(s) missing alt text,Medium
https://donau-ries-haustechnik.de/downloads/,Missing meta description,High
https://donau-ries-haustechnik.de/downloads/,H1 count is 2,Medium
https://donau-ries-haustechnik.de/downloads/,Missing canonical,Medium
https://donau-ries-haustechnik.de/downloads/,8 image(s) missing alt text,Medium
https://donau-ries-haustechnik.de/entkalkung/,Missing meta description,High
https://donau-ries-haustechnik.de/entkalkung/,H1 count is 2,Medium
https://donau-ries-haustechnik.de/entkalkung/,Missing canonical,Medium
https://donau-ries-haustechnik.de/entkalkung/,4 image(s) missing alt text,Medium
https://donau-ries-haustechnik.de/fluessiggas/,Missing meta description,High
https://donau-ries-haustechnik.de/fluessiggas/,H1 count is 2,Medium
https://donau-ries-haustechnik.de/fluessiggas/,Missing canonical,Medium
https://donau-ries-haustechnik.de/fluessiggas/,4 image(s) missing alt text,Medium
https://donau-ries-haustechnik.de/foerderung-bad/,Missing meta description,High
https://donau-ries-haustechnik.de/foerderung-bad/,H1 count is 2,Medium
https://donau-ries-haustechnik.de/foerderung-bad/,Missing canonical,Medium
https://donau-ries-haustechnik.de/foerderung-bad/,4 image(s) missing alt text,Medium
https://donau-ries-haustechnik.de/foerderung/,Missing meta description,High
https://donau-ries-haustechnik.de/foerderung/,H1 count is 2,Medium
https://donau-ries-haustechnik.de/foerderung/,Missing canonical,Medium
https://donau-ries-haustechnik.de/foerderung/,4 image(s) missing alt text,Medium
https://donau-ries-haustechnik.de/freshup-im-bad/,Missing meta description,High
https://donau-ries-haustechnik.de/freshup-im-bad/,H1 count is 2,Medium
https://donau-ries-haustechnik.de/freshup-im-bad/,Missing canonical,Medium
https://donau-ries-haustechnik.de/freshup-im-bad/,9 image(s) missing alt text,Medium
https://donau-ries-haustechnik.de/haustechnik/,Missing meta description,High
https://donau-ries-haustechnik.de/haustechnik/,H1 count is 5,Medium
https://donau-ries-haustechnik.de/haustechnik/,Missing canonical,Medium
https://donau-ries-haustechnik.de/haustechnik/,6 image(s) missing alt text,Medium
https://donau-ries-haustechnik.de/heizen-mit-holz/,Missing meta description,High
https://donau-ries-haustechnik.de/heizen-mit-holz/,H1 count is 2,Medium
https://donau-ries-haustechnik.de/heizen-mit-holz/,Missing canonical,Medium
https://donau-ries-haustechnik.de/heizen-mit-holz/,4 image(s) missing alt text,Medium
https://donau-ries-haustechnik.de/heizsysteme/,Missing meta description,High
https://donau-ries-haustechnik.de/heizsysteme/,H1 count is 2,Medium
https://donau-ries-haustechnik.de/heizsysteme/,Missing canonical,Medium
https://donau-ries-haustechnik.de/heizsysteme/,4 image(s) missing alt text,Medium
https://donau-ries-haustechnik.de/heizung/,Missing meta description,High
https://donau-ries-haustechnik.de/heizung/,H1 count is 11,Medium
https://donau-ries-haustechnik.de/heizung/,Missing canonical,Medium
https://donau-ries-haustechnik.de/heizung/,4 image(s) missing alt text,Medium
https://donau-ries-haustechnik.de/heizungskonfigurator/,Missing meta description,High
https://donau-ries-haustechnik.de/heizungskonfigurator/,H1 count is 2,Medium
https://donau-ries-haustechnik.de/heizungskonfigurator/,Missing canonical,Medium
https://donau-ries-haustechnik.de/heizungskonfigurator/,4 image(s) missing alt text,Medium
https://donau-ries-haustechnik.de/heizungsmodernisierung/,Missing meta description,High
https://donau-ries-haustechnik.de/heizungsmodernisierung/,H1 count is 2,Medium
https://donau-ries-haustechnik.de/heizungsmodernisierung/,Missing canonical,Medium
https://donau-ries-haustechnik.de/heizungsmodernisierung/,4 image(s) missing alt text,Medium
https://donau-ries-haustechnik.de/ihr-badplaner/,Missing meta description,High
https://donau-ries-haustechnik.de/ihr-badplaner/,H1 count is 2,Medium
https://donau-ries-haustechnik.de/ihr-badplaner/,Missing canonical,Medium
https://donau-ries-haustechnik.de/ihr-badplaner/,4 image(s) missing alt text,Medium
https://donau-ries-haustechnik.de/impressum/,Missing meta description,High
https://donau-ries-haustechnik.de/impressum/,Missing canonical,Medium
https://donau-ries-haustechnik.de/impressum/,5 image(s) missing alt text,Medium
https://donau-ries-haustechnik.de/installation/,Missing meta description,High
https://donau-ries-haustechnik.de/installation/,H1 count is 2,Medium
https://donau-ries-haustechnik.de/installation/,4 image(s) missing alt text,Medium
https://donau-ries-haustechnik.de/jobs/,Missing meta description,High
https://donau-ries-haustechnik.de/jobs/,H1 count is 2,Medium
https://donau-ries-haustechnik.de/jobs/,Missing canonical,Medium
https://donau-ries-haustechnik.de/jobs/,4 image(s) missing alt text,Medium
https://donau-ries-haustechnik.de/kontaktformular/,Missing meta description,High
https://donau-ries-haustechnik.de/kontaktformular/,H1 count is 2,Medium
https://donau-ries-haustechnik.de/kontaktformular/,Missing canonical,Medium
https://donau-ries-haustechnik.de/kontaktformular/,5 image(s) missing alt text,Medium
https://donau-ries-haustechnik.de/leistungen-gewerbekunden/,Missing meta description,High
https://donau-ries-haustechnik.de/leistungen-gewerbekunden/,H1 count is 2,Medium
https://donau-ries-haustechnik.de/leistungen-gewerbekunden/,5 image(s) missing alt text,Medium
https://donau-ries-haustechnik.de/lueftung/,Missing meta description,High
https://donau-ries-haustechnik.de/lueftung/,H1 count is 2,Medium
https://donau-ries-haustechnik.de/lueftung/,Missing canonical,Medium
https://donau-ries-haustechnik.de/lueftung/,4 image(s) missing alt text,Medium
https://donau-ries-haustechnik.de/objekt-u-anlagenbau/,Missing meta description,High
https://donau-ries-haustechnik.de/objekt-u-anlagenbau/,H1 count is 2,Medium
https://donau-ries-haustechnik.de/objekt-u-anlagenbau/,4 image(s) missing alt text,Medium
https://donau-ries-haustechnik.de/oel-gasheizung/,Missing meta description,High
https://donau-ries-haustechnik.de/oel-gasheizung/,H1 count is 2,Medium
https://donau-ries-haustechnik.de/oel-gasheizung/,Missing canonical,Medium
https://donau-ries-haustechnik.de/oel-gasheizung/,4 image(s) missing alt text,Medium
https://donau-ries-haustechnik.de/ph_aktionsflaeche/,Generic title starts with Home,Medium
https://donau-ries-haustechnik.de/ph_aktionsflaeche/,H1 count is 2,Medium
https://donau-ries-haustechnik.de/ph_aktionsflaeche/,14 image(s) missing alt text,Medium
https://donau-ries-haustechnik.de/ph_jobs/,Generic title starts with Home,Medium
https://donau-ries-haustechnik.de/ph_jobs/,H1 count is 2,Medium
https://donau-ries-haustechnik.de/ph_jobs/,14 image(s) missing alt text,Medium
https://donau-ries-haustechnik.de/ph_kampagne/,Generic title starts with Home,Medium
https://donau-ries-haustechnik.de/ph_kampagne/,H1 count is 2,Medium
https://donau-ries-haustechnik.de/ph_kampagne/,14 image(s) missing alt text,Medium
https://donau-ries-haustechnik.de/ph_news/,Generic title starts with Home,Medium
https://donau-ries-haustechnik.de/ph_news/,H1 count is 2,Medium
https://donau-ries-haustechnik.de/ph_news/,14 image(s) missing alt text,Medium
https://donau-ries-haustechnik.de/ph_slides/,Generic title starts with Home,Medium
https://donau-ries-haustechnik.de/ph_slides/,H1 count is 2,Medium
https://donau-ries-haustechnik.de/ph_slides/,14 image(s) missing alt text,Medium
https://donau-ries-haustechnik.de/regen-und-grauwassernutzung/,Missing meta description,High
https://donau-ries-haustechnik.de/regen-und-grauwassernutzung/,H1 count is 2,Medium
https://donau-ries-haustechnik.de/regen-und-grauwassernutzung/,Missing canonical,Medium
https://donau-ries-haustechnik.de/regen-und-grauwassernutzung/,6 image(s) missing alt text,Medium
https://donau-ries-haustechnik.de/sanitaeranlagen/,Missing meta description,High
https://donau-ries-haustechnik.de/sanitaeranlagen/,H1 count is 2,Medium
https://donau-ries-haustechnik.de/sanitaeranlagen/,Missing canonical,Medium
https://donau-ries-haustechnik.de/sanitaeranlagen/,4 image(s) missing alt text,Medium
https://donau-ries-haustechnik.de/solar/,Missing meta description,High
https://donau-ries-haustechnik.de/solar/,H1 count is 2,Medium
https://donau-ries-haustechnik.de/solar/,Missing canonical,Medium
https://donau-ries-haustechnik.de/solar/,4 image(s) missing alt text,Medium
https://donau-ries-haustechnik.de/staubsaugeranlage/,Missing meta description,High
https://donau-ries-haustechnik.de/staubsaugeranlage/,H1 count is 2,Medium
https://donau-ries-haustechnik.de/staubsaugeranlage/,Missing canonical,Medium
https://donau-ries-haustechnik.de/staubsaugeranlage/,4 image(s) missing alt text,Medium
https://donau-ries-haustechnik.de/unsere-partner/,Missing meta description,High
https://donau-ries-haustechnik.de/unsere-partner/,H1 count is 2,Medium
https://donau-ries-haustechnik.de/unsere-partner/,12 image(s) missing alt text,Medium
https://donau-ries-haustechnik.de/unternehmen/,Missing meta description,High
https://donau-ries-haustechnik.de/unternehmen/,H1 count is 2,Medium
https://donau-ries-haustechnik.de/unternehmen/,6 image(s) missing alt text,Medium
https://donau-ries-haustechnik.de/waermepumpe/,Missing meta description,High
https://donau-ries-haustechnik.de/waermepumpe/,H1 count is 2,Medium
https://donau-ries-haustechnik.de/waermepumpe/,Missing canonical,Medium
https://donau-ries-haustechnik.de/waermepumpe/,4 image(s) missing alt text,Medium
https://donau-ries-haustechnik.de/wand-und-fussbodenheizung/,Missing meta description,High
https://donau-ries-haustechnik.de/wand-und-fussbodenheizung/,H1 count is 2,Medium
https://donau-ries-haustechnik.de/wand-und-fussbodenheizung/,Missing canonical,Medium
https://donau-ries-haustechnik.de/wand-und-fussbodenheizung/,4 image(s) missing alt text,Medium
https://donau-ries-haustechnik.de/author/admin/,Missing meta description,High
https://donau-ries-haustechnik.de/author/admin/,H1 count is 2,Medium
https://donau-ries-haustechnik.de/author/admin/,4 image(s) missing alt text,Medium
https://donau-ries-haustechnik.de/category/bad/,Generic title starts with Home,Medium
https://donau-ries-haustechnik.de/category/bad/,H1 count is 2,Medium
https://donau-ries-haustechnik.de/category/bad/,14 image(s) missing alt text,Medium
https://donau-ries-haustechnik.de/category/gasvertrieb/,Generic title starts with Home,Medium
https://donau-ries-haustechnik.de/category/gasvertrieb/,H1 count is 2,Medium
https://donau-ries-haustechnik.de/category/gasvertrieb/,14 image(s) missing alt text,Medium
https://donau-ries-haustechnik.de/category/haustechnik/,Generic title starts with Home,Medium
https://donau-ries-haustechnik.de/category/haustechnik/,H1 count is 2,Medium
https://donau-ries-haustechnik.de/category/haustechnik/,14 image(s) missing alt text,Medium
https://donau-ries-haustechnik.de/category/heizsysteme/,Generic title starts with Home,Medium
https://donau-ries-haustechnik.de/category/heizsysteme/,H1 count is 2,Medium
https://donau-ries-haustechnik.de/category/heizsysteme/,14 image(s) missing alt text,Medium
https://donau-ries-haustechnik.de/category/heizung/,Generic title starts with Home,Medium
https://donau-ries-haustechnik.de/category/heizung/,H1 count is 2,Medium
https://donau-ries-haustechnik.de/category/heizung/,14 image(s) missing alt text,Medium
https://donau-ries-haustechnik.de/category/kaeltetechnik/,Generic title starts with Home,Medium
https://donau-ries-haustechnik.de/category/kaeltetechnik/,H1 count is 2,Medium
https://donau-ries-haustechnik.de/category/kaeltetechnik/,14 image(s) missing alt text,Medium
https://donau-ries-haustechnik.de/category/kueche/,Generic title starts with Home,Medium
https://donau-ries-haustechnik.de/category/kueche/,H1 count is 2,Medium
https://donau-ries-haustechnik.de/category/kueche/,14 image(s) missing alt text,Medium
https://donau-ries-haustechnik.de/category/lueftung/,Generic title starts with Home,Medium
https://donau-ries-haustechnik.de/category/lueftung/,H1 count is 2,Medium
https://donau-ries-haustechnik.de/category/lueftung/,14 image(s) missing alt text,Medium
https://donau-ries-haustechnik.de/category/sanitaer/,Generic title starts with Home,Medium
https://donau-ries-haustechnik.de/category/sanitaer/,H1 count is 2,Medium
https://donau-ries-haustechnik.de/category/sanitaer/,14 image(s) missing alt text,Medium
https://donau-ries-haustechnik.de/category/sanitaeranlagen/,Generic title starts with Home,Medium
https://donau-ries-haustechnik.de/category/sanitaeranlagen/,H1 count is 2,Medium
https://donau-ries-haustechnik.de/category/sanitaeranlagen/,14 image(s) missing alt text,Medium
https://donau-ries-haustechnik.de/category/waerme/,Generic title starts with Home,Medium
https://donau-ries-haustechnik.de/category/waerme/,H1 count is 2,Medium
https://donau-ries-haustechnik.de/category/waerme/,14 image(s) missing alt text,Medium
https://donau-ries-haustechnik.de/category/wasser/,Generic title starts with Home,Medium
https://donau-ries-haustechnik.de/category/wasser/,H1 count is 2,Medium
https://donau-ries-haustechnik.de/category/wasser/,14 image(s) missing alt text,Medium
https://donau-ries-haustechnik.de/ph_aktionsflaeche/badinspiration/,Missing meta description,High
https://donau-ries-haustechnik.de/ph_aktionsflaeche/badinspiration/,Missing canonical,Medium
https://donau-ries-haustechnik.de/ph_aktionsflaeche/badinspiration/,5 image(s) missing alt text,Medium
https://donau-ries-haustechnik.de/ph_aktionsflaeche/barrierefreiheit-mit-system/,Missing meta description,High
https://donau-ries-haustechnik.de/ph_aktionsflaeche/barrierefreiheit-mit-system/,Missing canonical,Medium
https://donau-ries-haustechnik.de/ph_aktionsflaeche/barrierefreiheit-mit-system/,6 image(s) missing alt text,Medium
https://donau-ries-haustechnik.de/ph_aktionsflaeche/bette-freshup/,Missing meta description,High
https://donau-ries-haustechnik.de/ph_aktionsflaeche/bette-freshup/,Missing canonical,Medium
https://donau-ries-haustechnik.de/ph_aktionsflaeche/bette-freshup/,6 image(s) missing alt text,Medium
https://donau-ries-haustechnik.de/ph_aktionsflaeche/elementsdefault/,Missing meta description,High
https://donau-ries-haustechnik.de/ph_aktionsflaeche/elementsdefault/,Missing canonical,Medium
https://donau-ries-haustechnik.de/ph_aktionsflaeche/elementsdefault/,5 image(s) missing alt text,Medium
https://donau-ries-haustechnik.de/ph_aktionsflaeche/foerderung-4-6-pdf/,Missing meta description,High
https://donau-ries-haustechnik.de/ph_aktionsflaeche/foerderung-4-6-pdf/,Missing canonical,Medium
https://donau-ries-haustechnik.de/ph_aktionsflaeche/foerderung-4-6-pdf/,6 image(s) missing alt text,Medium
https://donau-ries-haustechnik.de/ph_aktionsflaeche/foerderung/,Missing meta description,High
https://donau-ries-haustechnik.de/ph_aktionsflaeche/foerderung/,Missing canonical,Medium
https://donau-ries-haustechnik.de/ph_aktionsflaeche/foerderung/,6 image(s) missing alt text,Medium
https://donau-ries-haustechnik.de/ph_aktionsflaeche/googlemaps/,Missing meta description,High
https://donau-ries-haustechnik.de/ph_aktionsflaeche/googlemaps/,Missing canonical,Medium
https://donau-ries-haustechnik.de/ph_aktionsflaeche/googlemaps/,5 image(s) missing alt text,Medium
https://donau-ries-haustechnik.de/ph_aktionsflaeche/kompetente-beratung/,Missing meta description,High
https://donau-ries-haustechnik.de/ph_aktionsflaeche/kompetente-beratung/,Missing canonical,Medium
https://donau-ries-haustechnik.de/ph_aktionsflaeche/kompetente-beratung/,6 image(s) missing alt text,Medium
https://donau-ries-haustechnik.de/ph_aktionsflaeche/kueco/,Missing meta description,High
https://donau-ries-haustechnik.de/ph_aktionsflaeche/kueco/,Missing canonical,Medium
https://donau-ries-haustechnik.de/ph_aktionsflaeche/kueco/,5 image(s) missing alt text,Medium
https://donau-ries-haustechnik.de/ph_aktionsflaeche/osteraktion/,Missing meta description,High
https://donau-ries-haustechnik.de/ph_aktionsflaeche/osteraktion/,Missing canonical,Medium
https://donau-ries-haustechnik.de/ph_aktionsflaeche/osteraktion/,6 image(s) missing alt text,Medium
https://donau-ries-haustechnik.de/ph_aktionsflaeche/trinkwasserhygiene/,Missing meta description,High
https://donau-ries-haustechnik.de/ph_aktionsflaeche/trinkwasserhygiene/,Missing canonical,Medium
https://donau-ries-haustechnik.de/ph_aktionsflaeche/trinkwasserhygiene/,6 image(s) missing alt text,Medium
https://donau-ries-haustechnik.de/ph_aktionsflaeche/weihnachtsaktionsflaeche-4/,Missing meta description,High
https://donau-ries-haustechnik.de/ph_aktionsflaeche/weihnachtsaktionsflaeche-4/,Missing canonical,Medium
https://donau-ries-haustechnik.de/ph_aktionsflaeche/weihnachtsaktionsflaeche-4/,6 image(s) missing alt text,Medium
https://donau-ries-haustechnik.de/ph_news/4balance-von-sanipa-bringt-natuerliche-balance-ins-bad/,Missing meta description,High
https://donau-ries-haustechnik.de/ph_news/4balance-von-sanipa-bringt-natuerliche-balance-ins-bad/,H1 count is 2,Medium
https://donau-ries-haustechnik.de/ph_news/4balance-von-sanipa-bringt-natuerliche-balance-ins-bad/,6 image(s) missing alt text,Medium
https://donau-ries-haustechnik.de/ph_news/axent-one-dusch-wc/,Missing meta description,High
https://donau-ries-haustechnik.de/ph_news/axent-one-dusch-wc/,H1 count is 2,Medium
https://donau-ries-haustechnik.de/ph_news/axent-one-dusch-wc/,6 image(s) missing alt text,Medium
https://donau-ries-haustechnik.de/ph_news/bad-mit-einbaucharakter-lin20-von-burgbad/,Missing meta description,High
https://donau-ries-haustechnik.de/ph_news/bad-mit-einbaucharakter-lin20-von-burgbad/,H1 count is 2,Medium
https://donau-ries-haustechnik.de/ph_news/bad-mit-einbaucharakter-lin20-von-burgbad/,6 image(s) missing alt text,Medium
https://donau-ries-haustechnik.de/ph_news/barbie-hewi/,Missing meta description,High
https://donau-ries-haustechnik.de/ph_news/barbie-hewi/,H1 count is 2,Medium
https://donau-ries-haustechnik.de/ph_news/barbie-hewi/,11 image(s) missing alt text,Medium
https://donau-ries-haustechnik.de/ph_news/barrierefreies-bad-elements/,Missing meta description,High
https://donau-ries-haustechnik.de/ph_news/barrierefreies-bad-elements/,H1 count is 2,Medium
https://donau-ries-haustechnik.de/ph_news/barrierefreies-bad-elements/,5 image(s) missing alt text,Medium
https://donau-ries-haustechnik.de/ph_news/bette_air/,Missing meta description,High
https://donau-ries-haustechnik.de/ph_news/bette_air/,H1 count is 2,Medium
https://donau-ries-haustechnik.de/ph_news/bette_air/,9 image(s) missing alt text,Medium
https://donau-ries-haustechnik.de/ph_news/bette_level_duscheinbau/,Missing meta description,High
https://donau-ries-haustechnik.de/ph_news/bette_level_duscheinbau/,H1 count is 2,Medium
https://donau-ries-haustechnik.de/ph_news/bette_level_duscheinbau/,9 image(s) missing alt text,Medium
https://donau-ries-haustechnik.de/ph_news/betteflat-normgerechte-duschflaeche-fuer-das-barrierefreie-bad/,Missing meta description,High
https://donau-ries-haustechnik.de/ph_news/betteflat-normgerechte-duschflaeche-fuer-das-barrierefreie-bad/,H1 count is 2,Medium
https://donau-ries-haustechnik.de/ph_news/betteflat-normgerechte-duschflaeche-fuer-das-barrierefreie-bad/,6 image(s) missing alt text,Medium
https://donau-ries-haustechnik.de/ph_news/blw-mono-von-broetje-passt-immer-einzigartig-sicher-und-einfach-installiert/,Missing meta description,High
https://donau-ries-haustechnik.de/ph_news/blw-mono-von-broetje-passt-immer-einzigartig-sicher-und-einfach-installiert/,H1 count is 2,Medium
https://donau-ries-haustechnik.de/ph_news/blw-mono-von-broetje-passt-immer-einzigartig-sicher-und-einfach-installiert/,7 image(s) missing alt text,Medium
https://donau-ries-haustechnik.de/ph_news/bosch-einfach-perfektes-raumklima/,Missing meta description,High
https://donau-ries-haustechnik.de/ph_news/bosch-einfach-perfektes-raumklima/,H1 count is 2,Medium
https://donau-ries-haustechnik.de/ph_news/bosch-einfach-perfektes-raumklima/,6 image(s) missing alt text,Medium
https://donau-ries-haustechnik.de/ph_news/bosch-infrarotheizung-4000p/,Missing meta description,High
https://donau-ries-haustechnik.de/ph_news/bosch-infrarotheizung-4000p/,H1 count is 2,Medium
https://donau-ries-haustechnik.de/ph_news/bosch-infrarotheizung-4000p/,9 image(s) missing alt text,Medium
https://donau-ries-haustechnik.de/ph_news/bosch-waermepumpe-compress-7400i/,Missing meta description,High
https://donau-ries-haustechnik.de/ph_news/bosch-waermepumpe-compress-7400i/,H1 count is 2,Medium
https://donau-ries-haustechnik.de/ph_news/bosch-waermepumpe-compress-7400i/,10 image(s) missing alt text,Medium
https://donau-ries-haustechnik.de/ph_news/bosch_luftreiniger-air4000/,Missing meta description,High
https://donau-ries-haustechnik.de/ph_news/bosch_luftreiniger-air4000/,H1 count is 3,Medium
https://donau-ries-haustechnik.de/ph_news/bosch_luftreiniger-air4000/,11 image(s) missing alt text,Medium
https://donau-ries-haustechnik.de/ph_news/bosch_power-charge7000i/,Missing meta description,High
https://donau-ries-haustechnik.de/ph_news/bosch_power-charge7000i/,H1 count is 2,Medium
https://donau-ries-haustechnik.de/ph_news/bosch_power-charge7000i/,10 image(s) missing alt text,Medium
https://donau-ries-haustechnik.de/ph_news/broetje_kit65/,Missing meta description,High
https://donau-ries-haustechnik.de/ph_news/broetje_kit65/,H1 count is 2,Medium
https://donau-ries-haustechnik.de/ph_news/broetje_kit65/,7 image(s) missing alt text,Medium
https://donau-ries-haustechnik.de/ph_news/broetje_waermepumpe_eco1/,Missing meta description,High
https://donau-ries-haustechnik.de/ph_news/broetje_waermepumpe_eco1/,H1 count is 2,Medium
https://donau-ries-haustechnik.de/ph_news/broetje_waermepumpe_eco1/,9 image(s) missing alt text,Medium
https://donau-ries-haustechnik.de/ph_news/burgbad-fiumo2-0/,Missing meta description,High
https://donau-ries-haustechnik.de/ph_news/burgbad-fiumo2-0/,H1 count is 2,Medium
https://donau-ries-haustechnik.de/ph_news/burgbad-fiumo2-0/,11 image(s) missing alt text,Medium
https://donau-ries-haustechnik.de/ph_news/burgbad-moto/,Missing meta description,High
https://donau-ries-haustechnik.de/ph_news/burgbad-moto/,H1 count is 2,Medium
https://donau-ries-haustechnik.de/ph_news/burgbad-moto/,19 image(s) missing alt text,Medium
https://donau-ries-haustechnik.de/ph_news/burgbad_cleanflow/,Missing meta description,High
https://donau-ries-haustechnik.de/ph_news/burgbad_cleanflow/,H1 count is 2,Medium
https://donau-ries-haustechnik.de/ph_news/burgbad_cleanflow/,11 image(s) missing alt text,Medium
https://donau-ries-haustechnik.de/ph_news/burgbad_eqio/,Missing meta description,High
https://donau-ries-haustechnik.de/ph_news/burgbad_eqio/,H1 count is 2,Medium
https://donau-ries-haustechnik.de/ph_news/burgbad_eqio/,9 image(s) missing alt text,Medium
https://donau-ries-haustechnik.de/ph_news/burgbad_magic-twist/,Missing meta description,High
https://donau-ries-haustechnik.de/ph_news/burgbad_magic-twist/,H1 count is 2,Medium
https://donau-ries-haustechnik.de/ph_news/burgbad_magic-twist/,12 image(s) missing alt text,Medium
https://donau-ries-haustechnik.de/ph_news/burgbad_sys30/,Missing meta description,High
https://donau-ries-haustechnik.de/ph_news/burgbad_sys30/,H1 count is 2,Medium
https://donau-ries-haustechnik.de/ph_news/burgbad_sys30/,8 image(s) missing alt text,Medium
https://donau-ries-haustechnik.de/ph_news/conel-clear-pro-trinkwasseraufbereitung/,Missing meta description,High
https://donau-ries-haustechnik.de/ph_news/conel-clear-pro-trinkwasseraufbereitung/,H1 count is 2,Medium
https://donau-ries-haustechnik.de/ph_news/conel-clear-pro-trinkwasseraufbereitung/,8 image(s) missing alt text,Medium
https://donau-ries-haustechnik.de/ph_news/die-echtholzkollektion-max-von-burgbad-weniger-ist-mehr/,Missing meta description,High
https://donau-ries-haustechnik.de/ph_news/die-echtholzkollektion-max-von-burgbad-weniger-ist-mehr/,H1 count is 2,Medium
https://donau-ries-haustechnik.de/ph_news/die-echtholzkollektion-max-von-burgbad-weniger-ist-mehr/,6 image(s) missing alt text,Medium
https://donau-ries-haustechnik.de/ph_news/die-kombiheizung-fuer-pellets-und-holz/,Missing meta description,High
https://donau-ries-haustechnik.de/ph_news/die-kombiheizung-fuer-pellets-und-holz/,H1 count is 2,Medium
https://donau-ries-haustechnik.de/ph_news/die-kombiheizung-fuer-pellets-und-holz/,6 image(s) missing alt text,Medium
https://donau-ries-haustechnik.de/ph_news/digitale-brausearmatur-hansaactivejet/,Missing meta description,High
https://donau-ries-haustechnik.de/ph_news/digitale-brausearmatur-hansaactivejet/,H1 count is 2,Medium
https://donau-ries-haustechnik.de/ph_news/digitale-brausearmatur-hansaactivejet/,9 image(s) missing alt text,Medium
https://donau-ries-haustechnik.de/ph_news/duka-black-edition-duschen-in-schwarz/,Missing meta description,High
https://donau-ries-haustechnik.de/ph_news/duka-black-edition-duschen-in-schwarz/,H1 count is 2,Medium
https://donau-ries-haustechnik.de/ph_news/duka-black-edition-duschen-in-schwarz/,6 image(s) missing alt text,Medium
https://donau-ries-haustechnik.de/ph_news/dusch-wc-nachruesten/,Missing meta description,High
https://donau-ries-haustechnik.de/ph_news/dusch-wc-nachruesten/,H1 count is 2,Medium
https://donau-ries-haustechnik.de/ph_news/dusch-wc-nachruesten/,8 image(s) missing alt text,Medium
https://donau-ries-haustechnik.de/ph_news/ess-compact-30-ff-die-flachste-duschrinne-am-markt/,Missing meta description,High
https://donau-ries-haustechnik.de/ph_news/ess-compact-30-ff-die-flachste-duschrinne-am-markt/,H1 count is 2,Medium
https://donau-ries-haustechnik.de/ph_news/ess-compact-30-ff-die-flachste-duschrinne-am-markt/,6 image(s) missing alt text,Medium
https://donau-ries-haustechnik.de/ph_news/exklusive_badkollektion_bme_burgbad/,Missing meta description,High
https://donau-ries-haustechnik.de/ph_news/exklusive_badkollektion_bme_burgbad/,H1 count is 2,Medium
https://donau-ries-haustechnik.de/ph_news/exklusive_badkollektion_bme_burgbad/,20 image(s) missing alt text,Medium
https://donau-ries-haustechnik.de/ph_news/gas-hybridheizung/,Missing meta description,High
https://donau-ries-haustechnik.de/ph_news/gas-hybridheizung/,H1 count is 2,Medium
https://donau-ries-haustechnik.de/ph_news/gas-hybridheizung/,7 image(s) missing alt text,Medium
https://donau-ries-haustechnik.de/ph_news/geberit-acanto-badserie/,Missing meta description,High
https://donau-ries-haustechnik.de/ph_news/geberit-acanto-badserie/,H1 count is 2,Medium
https://donau-ries-haustechnik.de/ph_news/geberit-acanto-badserie/,10 image(s) missing alt text,Medium
https://donau-ries-haustechnik.de/ph_news/geberit-aquaclean-alba/,Missing meta description,High
https://donau-ries-haustechnik.de/ph_news/geberit-aquaclean-alba/,H1 count is 2,Medium
https://donau-ries-haustechnik.de/ph_news/geberit-aquaclean-alba/,11 image(s) missing alt text,Medium
https://donau-ries-haustechnik.de/ph_news/geberit-cleanline50-sigma70/,Missing meta description,High
https://donau-ries-haustechnik.de/ph_news/geberit-cleanline50-sigma70/,H1 count is 2,Medium
https://donau-ries-haustechnik.de/ph_news/geberit-cleanline50-sigma70/,14 image(s) missing alt text,Medium
https://donau-ries-haustechnik.de/ph_news/geberit-hochwasser-in-deutschland/,Missing meta description,High
https://donau-ries-haustechnik.de/ph_news/geberit-hochwasser-in-deutschland/,H1 count is 3,Medium
https://donau-ries-haustechnik.de/ph_news/geberit-hochwasser-in-deutschland/,6 image(s) missing alt text,Medium
https://donau-ries-haustechnik.de/ph_news/geberit-mix-match/,Missing meta description,High
https://donau-ries-haustechnik.de/ph_news/geberit-mix-match/,H1 count is 2,Medium
https://donau-ries-haustechnik.de/ph_news/geberit-mix-match/,10 image(s) missing alt text,Medium
https://donau-ries-haustechnik.de/ph_news/gessi-316/,Missing meta description,High
https://donau-ries-haustechnik.de/ph_news/gessi-316/,H1 count is 2,Medium
https://donau-ries-haustechnik.de/ph_news/gessi-316/,11 image(s) missing alt text,Medium
https://donau-ries-haustechnik.de/ph_news/gessi-inverso/,Missing meta description,High
https://donau-ries-haustechnik.de/ph_news/gessi-inverso/,H1 count is 2,Medium
https://donau-ries-haustechnik.de/ph_news/gessi-inverso/,16 image(s) missing alt text,Medium
https://donau-ries-haustechnik.de/ph_news/gessi-ventaglio-2/,Missing meta description,High
https://donau-ries-haustechnik.de/ph_news/gessi-ventaglio-2/,H1 count is 2,Medium
https://donau-ries-haustechnik.de/ph_news/gessi-ventaglio-2/,14 image(s) missing alt text,Medium
https://donau-ries-haustechnik.de/ph_news/gessi-via-meravigli-emporio-2/,Missing meta description,High
https://donau-ries-haustechnik.de/ph_news/gessi-via-meravigli-emporio-2/,H1 count is 2,Medium
https://donau-ries-haustechnik.de/ph_news/gessi-via-meravigli-emporio-2/,13 image(s) missing alt text,Medium
https://donau-ries-haustechnik.de/ph_news/gessi-vita/,Missing meta description,High
https://donau-ries-haustechnik.de/ph_news/gessi-vita/,H1 count is 2,Medium
https://donau-ries-haustechnik.de/ph_news/gessi-vita/,12 image(s) missing alt text,Medium
https://donau-ries-haustechnik.de/ph_news/grohe-blue-sprudelgenuss-direkt-aus-der-armatur/,Missing meta description,High
https://donau-ries-haustechnik.de/ph_news/grohe-blue-sprudelgenuss-direkt-aus-der-armatur/,H1 count is 2,Medium
https://donau-ries-haustechnik.de/ph_news/grohe-blue-sprudelgenuss-direkt-aus-der-armatur/,6 image(s) missing alt text,Medium
https://donau-ries-haustechnik.de/ph_news/grundfos-comfort-trinkwarmwasserzirkulationspumpe/,Missing meta description,High
https://donau-ries-haustechnik.de/ph_news/grundfos-comfort-trinkwarmwasserzirkulationspumpe/,H1 count is 2,Medium
https://donau-ries-haustechnik.de/ph_news/grundfos-comfort-trinkwarmwasserzirkulationspumpe/,11 image(s) missing alt text,Medium
https://donau-ries-haustechnik.de/ph_news/grundfos-hauswasserwerk/,Missing meta description,High
https://donau-ries-haustechnik.de/ph_news/grundfos-hauswasserwerk/,H1 count is 2,Medium
https://donau-ries-haustechnik.de/ph_news/grundfos-hauswasserwerk/,9 image(s) missing alt text,Medium
https://donau-ries-haustechnik.de/ph_news/grundfos-heizungspumpentausch/,Missing meta description,High
https://donau-ries-haustechnik.de/ph_news/grundfos-heizungspumpentausch/,H1 count is 2,Medium
https://donau-ries-haustechnik.de/ph_news/grundfos-heizungspumpentausch/,8 image(s) missing alt text,Medium
https://donau-ries-haustechnik.de/ph_news/grundfos-scala-gartenpumpe/,Missing meta description,High
https://donau-ries-haustechnik.de/ph_news/grundfos-scala-gartenpumpe/,H1 count is 2,Medium
https://donau-ries-haustechnik.de/ph_news/grundfos-scala-gartenpumpe/,9 image(s) missing alt text,Medium
https://donau-ries-haustechnik.de/ph_news/grundfos-scala2/,Missing meta description,High
https://donau-ries-haustechnik.de/ph_news/grundfos-scala2/,H1 count is 2,Medium
https://donau-ries-haustechnik.de/ph_news/grundfos-scala2/,5 image(s) missing alt text,Medium
https://donau-ries-haustechnik.de/ph_news/grundfos_heizungsumwaelzpumpe/,Missing meta description,High
https://donau-ries-haustechnik.de/ph_news/grundfos_heizungsumwaelzpumpe/,H1 count is 2,Medium
https://donau-ries-haustechnik.de/ph_news/grundfos_heizungsumwaelzpumpe/,6 image(s) missing alt text,Medium
https://donau-ries-haustechnik.de/ph_news/grundfos_multibox/,Missing meta description,High
https://donau-ries-haustechnik.de/ph_news/grundfos_multibox/,H1 count is 2,Medium
https://donau-ries-haustechnik.de/ph_news/grundfos_multibox/,6 image(s) missing alt text,Medium
https://donau-ries-haustechnik.de/ph_news/grundfos_sololift2-abwasserpumpen/,Missing meta description,High
https://donau-ries-haustechnik.de/ph_news/grundfos_sololift2-abwasserpumpen/,H1 count is 2,Medium
https://donau-ries-haustechnik.de/ph_news/grundfos_sololift2-abwasserpumpen/,8 image(s) missing alt text,Medium
https://donau-ries-haustechnik.de/ph_news/hansa-contemporary-kitchen/,Missing meta description,High
https://donau-ries-haustechnik.de/ph_news/hansa-contemporary-kitchen/,H1 count is 2,Medium
https://donau-ries-haustechnik.de/ph_news/hansa-contemporary-kitchen/,8 image(s) missing alt text,Medium
https://donau-ries-haustechnik.de/ph_news/hansaaurelia/,Missing meta description,High
https://donau-ries-haustechnik.de/ph_news/hansaaurelia/,H1 count is 2,Medium
https://donau-ries-haustechnik.de/ph_news/hansaaurelia/,19 image(s) missing alt text,Medium
https://donau-ries-haustechnik.de/ph_news/hansaelectra/,Missing meta description,High
https://donau-ries-haustechnik.de/ph_news/hansaelectra/,H1 count is 2,Medium
https://donau-ries-haustechnik.de/ph_news/hansaelectra/,11 image(s) missing alt text,Medium
https://donau-ries-haustechnik.de/ph_news/hansagenesis/,Missing meta description,High
https://donau-ries-haustechnik.de/ph_news/hansagenesis/,H1 count is 2,Medium
https://donau-ries-haustechnik.de/ph_news/hansagenesis/,21 image(s) missing alt text,Medium
https://donau-ries-haustechnik.de/ph_news/hansastela-2-0-die-neuen-hingucker-im-designstarken-badezimmer/,Missing meta description,High
https://donau-ries-haustechnik.de/ph_news/hansastela-2-0-die-neuen-hingucker-im-designstarken-badezimmer/,H1 count is 2,Medium
https://donau-ries-haustechnik.de/ph_news/hansastela-2-0-die-neuen-hingucker-im-designstarken-badezimmer/,8 image(s) missing alt text,Medium
https://donau-ries-haustechnik.de/ph_news/hansavantis-style/,Missing meta description,High
https://donau-ries-haustechnik.de/ph_news/hansavantis-style/,H1 count is 3,Medium
https://donau-ries-haustechnik.de/ph_news/hansavantis-style/,8 image(s) missing alt text,Medium
https://donau-ries-haustechnik.de/ph_news/hansaviva_hansaoptima/,Missing meta description,High
https://donau-ries-haustechnik.de/ph_news/hansaviva_hansaoptima/,H1 count is 2,Medium
https://donau-ries-haustechnik.de/ph_news/hansaviva_hansaoptima/,15 image(s) missing alt text,Medium
https://donau-ries-haustechnik.de/ph_news/kaldewei-flowline/,Missing meta description,High
https://donau-ries-haustechnik.de/ph_news/kaldewei-flowline/,H1 count is 2,Medium
https://donau-ries-haustechnik.de/ph_news/kaldewei-flowline/,17 image(s) missing alt text,Medium
https://donau-ries-haustechnik.de/ph_news/kaldewei-flowpoint/,Missing meta description,High
https://donau-ries-haustechnik.de/ph_news/kaldewei-flowpoint/,H1 count is 2,Medium
https://donau-ries-haustechnik.de/ph_news/kaldewei-flowpoint/,11 image(s) missing alt text,Medium
https://donau-ries-haustechnik.de/ph_news/kaldewei-invisiblegrip/,Missing meta description,High
https://donau-ries-haustechnik.de/ph_news/kaldewei-invisiblegrip/,H1 count is 2,Medium
https://donau-ries-haustechnik.de/ph_news/kaldewei-invisiblegrip/,9 image(s) missing alt text,Medium
https://donau-ries-haustechnik.de/ph_news/kaldewei-oyo-duo/,Missing meta description,High
https://donau-ries-haustechnik.de/ph_news/kaldewei-oyo-duo/,H1 count is 2,Medium
https://donau-ries-haustechnik.de/ph_news/kaldewei-oyo-duo/,15 image(s) missing alt text,Medium
https://donau-ries-haustechnik.de/ph_news/kaldewei-puro-next/,Missing meta description,High
https://donau-ries-haustechnik.de/ph_news/kaldewei-puro-next/,H1 count is 2,Medium
https://donau-ries-haustechnik.de/ph_news/kaldewei-puro-next/,10 image(s) missing alt text,Medium
https://donau-ries-haustechnik.de/ph_news/kaldewei-whirlpoolwannen/,Missing meta description,High
https://donau-ries-haustechnik.de/ph_news/kaldewei-whirlpoolwannen/,H1 count is 3,Medium
https://donau-ries-haustechnik.de/ph_news/kaldewei-whirlpoolwannen/,22 image(s) missing alt text,Medium
https://donau-ries-haustechnik.de/ph_news/kermi-individuelle-farbgestaltung-duschkabinen/,Missing meta description,High
https://donau-ries-haustechnik.de/ph_news/kermi-individuelle-farbgestaltung-duschkabinen/,H1 count is 2,Medium
https://donau-ries-haustechnik.de/ph_news/kermi-individuelle-farbgestaltung-duschkabinen/,11 image(s) missing alt text,Medium
https://donau-ries-haustechnik.de/ph_news/kermi-nobel-duschen-mit-mena/,Missing meta description,High
https://donau-ries-haustechnik.de/ph_news/kermi-nobel-duschen-mit-mena/,H1 count is 2,Medium
https://donau-ries-haustechnik.de/ph_news/kermi-nobel-duschen-mit-mena/,6 image(s) missing alt text,Medium
https://donau-ries-haustechnik.de/ph_news/kermi-pures-duschgefuehl-mit-nica/,Missing meta description,High
https://donau-ries-haustechnik.de/ph_news/kermi-pures-duschgefuehl-mit-nica/,H1 count is 2,Medium
https://donau-ries-haustechnik.de/ph_news/kermi-pures-duschgefuehl-mit-nica/,10 image(s) missing alt text,Medium
https://donau-ries-haustechnik.de/ph_news/keuco-black-selection/,Missing meta description,High
https://donau-ries-haustechnik.de/ph_news/keuco-black-selection/,H1 count is 2,Medium
https://donau-ries-haustechnik.de/ph_news/keuco-black-selection/,5 image(s) missing alt text,Medium
https://donau-ries-haustechnik.de/ph_news/keuco-blue/,Missing meta description,High
https://donau-ries-haustechnik.de/ph_news/keuco-blue/,H1 count is 2,Medium
https://donau-ries-haustechnik.de/ph_news/keuco-blue/,14 image(s) missing alt text,Medium
https://donau-ries-haustechnik.de/ph_news/keuco-edition11art/,Missing meta description,High
https://donau-ries-haustechnik.de/ph_news/keuco-edition11art/,H1 count is 2,Medium
https://donau-ries-haustechnik.de/ph_news/keuco-edition11art/,15 image(s) missing alt text,Medium
https://donau-ries-haustechnik.de/ph_news/keuco-ixmo-100-elements/,Missing meta description,High
https://donau-ries-haustechnik.de/ph_news/keuco-ixmo-100-elements/,H1 count is 2,Medium
https://donau-ries-haustechnik.de/ph_news/keuco-ixmo-100-elements/,8 image(s) missing alt text,Medium
https://donau-ries-haustechnik.de/ph_news/keuco-phoenix/,Missing meta description,High
https://donau-ries-haustechnik.de/ph_news/keuco-phoenix/,H1 count is 2,Medium
https://donau-ries-haustechnik.de/ph_news/keuco-phoenix/,18 image(s) missing alt text,Medium
https://donau-ries-haustechnik.de/ph_news/keuco-plan-sensorspender/,Missing meta description,High
https://donau-ries-haustechnik.de/ph_news/keuco-plan-sensorspender/,H1 count is 2,Medium
https://donau-ries-haustechnik.de/ph_news/keuco-plan-sensorspender/,16 image(s) missing alt text,Medium
https://donau-ries-haustechnik.de/ph_news/keuco-royal-lumos-spiegelschrank/,Missing meta description,High
https://donau-ries-haustechnik.de/ph_news/keuco-royal-lumos-spiegelschrank/,H1 count is 2,Medium
https://donau-ries-haustechnik.de/ph_news/keuco-royal-lumos-spiegelschrank/,12 image(s) missing alt text,Medium
https://donau-ries-haustechnik.de/ph_news/keuco-somaris/,Missing meta description,High
https://donau-ries-haustechnik.de/ph_news/keuco-somaris/,H1 count is 2,Medium
https://donau-ries-haustechnik.de/ph_news/keuco-somaris/,23 image(s) missing alt text,Medium
https://donau-ries-haustechnik.de/ph_news/keuco_axess/,Missing meta description,High
https://donau-ries-haustechnik.de/ph_news/keuco_axess/,H1 count is 2,Medium
https://donau-ries-haustechnik.de/ph_news/keuco_axess/,21 image(s) missing alt text,Medium
https://donau-ries-haustechnik.de/ph_news/kludi-decus-souna-renon/,Missing meta description,High
https://donau-ries-haustechnik.de/ph_news/kludi-decus-souna-renon/,H1 count is 3,Medium
https://donau-ries-haustechnik.de/ph_news/kludi-decus-souna-renon/,15 image(s) missing alt text,Medium
https://donau-ries-haustechnik.de/ph_news/kludi-e-go/,Missing meta description,High
https://donau-ries-haustechnik.de/ph_news/kludi-e-go/,H1 count is 2,Medium
https://donau-ries-haustechnik.de/ph_news/kludi-e-go/,9 image(s) missing alt text,Medium
https://donau-ries-haustechnik.de/ph_news/kludi-kuechenarmaturen/,Missing meta description,High
https://donau-ries-haustechnik.de/ph_news/kludi-kuechenarmaturen/,H1 count is 2,Medium
https://donau-ries-haustechnik.de/ph_news/kludi-kuechenarmaturen/,12 image(s) missing alt text,Medium
https://donau-ries-haustechnik.de/ph_news/kludi-nova-fonte-pura-waschtischarmatur/,Missing meta description,High
https://donau-ries-haustechnik.de/ph_news/kludi-nova-fonte-pura-waschtischarmatur/,H1 count is 2,Medium
https://donau-ries-haustechnik.de/ph_news/kludi-nova-fonte-pura-waschtischarmatur/,19 image(s) missing alt text,Medium
https://donau-ries-haustechnik.de/ph_news/kludi-nova-fonte/,Missing meta description,High
https://donau-ries-haustechnik.de/ph_news/kludi-nova-fonte/,H1 count is 2,Medium
https://donau-ries-haustechnik.de/ph_news/kludi-nova-fonte/,12 image(s) missing alt text,Medium
https://donau-ries-haustechnik.de/ph_news/kludi-renon/,Missing meta description,High
https://donau-ries-haustechnik.de/ph_news/kludi-renon/,H1 count is 2,Medium
https://donau-ries-haustechnik.de/ph_news/kludi-renon/,12 image(s) missing alt text,Medium
https://donau-ries-haustechnik.de/ph_news/kwc-luna-e-ein-kuechen-klassiker/,Missing meta description,High
https://donau-ries-haustechnik.de/ph_news/kwc-luna-e-ein-kuechen-klassiker/,H1 count is 2,Medium
https://donau-ries-haustechnik.de/ph_news/kwc-luna-e-ein-kuechen-klassiker/,6 image(s) missing alt text,Medium
https://donau-ries-haustechnik.de/ph_news/ludi-pushtronic-undkludi-touchtronic/,Missing meta description,High
https://donau-ries-haustechnik.de/ph_news/ludi-pushtronic-undkludi-touchtronic/,H1 count is 2,Medium
https://donau-ries-haustechnik.de/ph_news/ludi-pushtronic-undkludi-touchtronic/,14 image(s) missing alt text,Medium
https://donau-ries-haustechnik.de/ph_news/mattschwarze_hingucker_fuer-bad_kueche_hansa/,Missing meta description,High
https://donau-ries-haustechnik.de/ph_news/mattschwarze_hingucker_fuer-bad_kueche_hansa/,H1 count is 2,Medium
https://donau-ries-haustechnik.de/ph_news/mattschwarze_hingucker_fuer-bad_kueche_hansa/,11 image(s) missing alt text,Medium
https://donau-ries-haustechnik.de/ph_news/mehr-als-nur-eine-heizung-wohlfuehlfaktor-fussbodenheizung/,Missing meta description,High
https://donau-ries-haustechnik.de/ph_news/mehr-als-nur-eine-heizung-wohlfuehlfaktor-fussbodenheizung/,H1 count is 2,Medium
https://donau-ries-haustechnik.de/ph_news/mehr-als-nur-eine-heizung-wohlfuehlfaktor-fussbodenheizung/,5 image(s) missing alt text,Medium
https://donau-ries-haustechnik.de/ph_news/nobili-dress/,Missing meta description,High
https://donau-ries-haustechnik.de/ph_news/nobili-dress/,H1 count is 2,Medium
https://donau-ries-haustechnik.de/ph_news/nobili-dress/,17 image(s) missing alt text,Medium
https://donau-ries-haustechnik.de/ph_news/novelan-helox/,Missing meta description,High
https://donau-ries-haustechnik.de/ph_news/novelan-helox/,H1 count is 2,Medium
https://donau-ries-haustechnik.de/ph_news/novelan-helox/,13 image(s) missing alt text,Medium
https://donau-ries-haustechnik.de/ph_news/novelan-jabbah/,Missing meta description,High
https://donau-ries-haustechnik.de/ph_news/novelan-jabbah/,H1 count is 2,Medium
https://donau-ries-haustechnik.de/ph_news/novelan-jabbah/,7 image(s) missing alt text,Medium
https://donau-ries-haustechnik.de/ph_news/novellini-ship-badewanne/,Missing meta description,High
https://donau-ries-haustechnik.de/ph_news/novellini-ship-badewanne/,H1 count is 2,Medium
https://donau-ries-haustechnik.de/ph_news/novellini-ship-badewanne/,6 image(s) missing alt text,Medium
https://donau-ries-haustechnik.de/ph_news/polaris-waermepumpe-novelan/,Missing meta description,High
https://donau-ries-haustechnik.de/ph_news/polaris-waermepumpe-novelan/,H1 count is 2,Medium
https://donau-ries-haustechnik.de/ph_news/polaris-waermepumpe-novelan/,7 image(s) missing alt text,Medium
https://donau-ries-haustechnik.de/ph_news/regenwassernutzung_grundfos/,Missing meta description,High
https://donau-ries-haustechnik.de/ph_news/regenwassernutzung_grundfos/,H1 count is 2,Medium
https://donau-ries-haustechnik.de/ph_news/regenwassernutzung_grundfos/,6 image(s) missing alt text,Medium
https://donau-ries-haustechnik.de/ph_news/rehau-kuehl-und-heizdecke/,Missing meta description,High
https://donau-ries-haustechnik.de/ph_news/rehau-kuehl-und-heizdecke/,H1 count is 2,Medium
https://donau-ries-haustechnik.de/ph_news/rehau-kuehl-und-heizdecke/,12 image(s) missing alt text,Medium
https://donau-ries-haustechnik.de/ph_news/rehau-mepa-air-wc/,Missing meta description,High
https://donau-ries-haustechnik.de/ph_news/rehau-mepa-air-wc/,H1 count is 3,Medium
https://donau-ries-haustechnik.de/ph_news/rehau-mepa-air-wc/,9 image(s) missing alt text,Medium
https://donau-ries-haustechnik.de/ph_news/rehau-mepa-betaetigungsplatten/,Missing meta description,High
https://donau-ries-haustechnik.de/ph_news/rehau-mepa-betaetigungsplatten/,H1 count is 3,Medium
https://donau-ries-haustechnik.de/ph_news/rehau-mepa-betaetigungsplatten/,12 image(s) missing alt text,Medium
https://donau-ries-haustechnik.de/ph_news/rehau-rauthermneo-x5/,Missing meta description,High
https://donau-ries-haustechnik.de/ph_news/rehau-rauthermneo-x5/,H1 count is 2,Medium
https://donau-ries-haustechnik.de/ph_news/rehau-rauthermneo-x5/,8 image(s) missing alt text,Medium
https://donau-ries-haustechnik.de/ph_news/rehau-reguard2/,Missing meta description,High
https://donau-ries-haustechnik.de/ph_news/rehau-reguard2/,H1 count is 2,Medium
https://donau-ries-haustechnik.de/ph_news/rehau-reguard2/,19 image(s) missing alt text,Medium
https://donau-ries-haustechnik.de/ph_news/rehau-sauberes-trinkwasser-direk-aus-der-leitung/,Missing meta description,High
https://donau-ries-haustechnik.de/ph_news/rehau-sauberes-trinkwasser-direk-aus-der-leitung/,H1 count is 2,Medium
https://donau-ries-haustechnik.de/ph_news/rehau-sauberes-trinkwasser-direk-aus-der-leitung/,10 image(s) missing alt text,Medium
https://donau-ries-haustechnik.de/ph_news/rehau_rautitan-flex-green/,Missing meta description,High
https://donau-ries-haustechnik.de/ph_news/rehau_rautitan-flex-green/,H1 count is 2,Medium
https://donau-ries-haustechnik.de/ph_news/rehau_rautitan-flex-green/,6 image(s) missing alt text,Medium
https://donau-ries-haustechnik.de/ph_news/rehau_reguard_wassersicherheitssystem/,Missing meta description,High
https://donau-ries-haustechnik.de/ph_news/rehau_reguard_wassersicherheitssystem/,H1 count is 2,Medium
https://donau-ries-haustechnik.de/ph_news/rehau_reguard_wassersicherheitssystem/,11 image(s) missing alt text,Medium
https://donau-ries-haustechnik.de/ph_news/schedel-duschflaeche/,Missing meta description,High
https://donau-ries-haustechnik.de/ph_news/schedel-duschflaeche/,H1 count is 2,Medium
https://donau-ries-haustechnik.de/ph_news/schedel-duschflaeche/,11 image(s) missing alt text,Medium
https://donau-ries-haustechnik.de/ph_news/sinea-3-0-von-burgbad-soft-minimalism-fu%cc%88r-das-moderne-bad/,Missing meta description,High
https://donau-ries-haustechnik.de/ph_news/sinea-3-0-von-burgbad-soft-minimalism-fu%cc%88r-das-moderne-bad/,H1 count is 2,Medium
https://donau-ries-haustechnik.de/ph_news/sinea-3-0-von-burgbad-soft-minimalism-fu%cc%88r-das-moderne-bad/,12 image(s) missing alt text,Medium
https://donau-ries-haustechnik.de/ph_news/toto-dusch-wc/,Missing meta description,High
https://donau-ries-haustechnik.de/ph_news/toto-dusch-wc/,H1 count is 2,Medium
https://donau-ries-haustechnik.de/ph_news/toto-dusch-wc/,10 image(s) missing alt text,Medium
https://donau-ries-haustechnik.de/ph_news/turboflush-spueltechnik-_wc_acanto_geberit/,Missing meta description,High
https://donau-ries-haustechnik.de/ph_news/turboflush-spueltechnik-_wc_acanto_geberit/,H1 count is 2,Medium
https://donau-ries-haustechnik.de/ph_news/turboflush-spueltechnik-_wc_acanto_geberit/,11 image(s) missing alt text,Medium
https://donau-ries-haustechnik.de/ph_news/vigour-derby-aquawash/,Missing meta description,High
https://donau-ries-haustechnik.de/ph_news/vigour-derby-aquawash/,H1 count is 2,Medium
https://donau-ries-haustechnik.de/ph_news/vigour-derby-aquawash/,21 image(s) missing alt text,Medium
https://donau-ries-haustechnik.de/ph_news/vigour-individual-grace/,Missing meta description,High
https://donau-ries-haustechnik.de/ph_news/vigour-individual-grace/,H1 count is 2,Medium
https://donau-ries-haustechnik.de/ph_news/vigour-individual-grace/,8 image(s) missing alt text,Medium
https://donau-ries-haustechnik.de/ph_news/vigour-vogue-doppelwaschtischschale/,Missing meta description,High
https://donau-ries-haustechnik.de/ph_news/vigour-vogue-doppelwaschtischschale/,H1 count is 2,Medium
https://donau-ries-haustechnik.de/ph_news/vigour-vogue-doppelwaschtischschale/,6 image(s) missing alt text,Medium
https://donau-ries-haustechnik.de/ph_news/vigour_smart/,Missing meta description,High
https://donau-ries-haustechnik.de/ph_news/vigour_smart/,H1 count is 2,Medium
https://donau-ries-haustechnik.de/ph_news/vigour_smart/,12 image(s) missing alt text,Medium
https://donau-ries-haustechnik.de/ph_news/vigour_white_2023/,Missing meta description,High
https://donau-ries-haustechnik.de/ph_news/vigour_white_2023/,H1 count is 2,Medium
https://donau-ries-haustechnik.de/ph_news/vigour_white_2023/,19 image(s) missing alt text,Medium
https://donau-ries-haustechnik.de/ph_news/was-ist-eigentlich-ein-washlet/,Missing meta description,High
https://donau-ries-haustechnik.de/ph_news/was-ist-eigentlich-ein-washlet/,H1 count is 2,Medium
https://donau-ries-haustechnik.de/ph_news/was-ist-eigentlich-ein-washlet/,11 image(s) missing alt text,Medium
https://donau-ries-haustechnik.de/ph_news/wassersparen-imbadezimmer/,Missing meta description,High
https://donau-ries-haustechnik.de/ph_news/wassersparen-imbadezimmer/,H1 count is 2,Medium
https://donau-ries-haustechnik.de/ph_news/wassersparen-imbadezimmer/,11 image(s) missing alt text,Medium
https://donau-ries-haustechnik.de/ph_news/worauf-es-beim-kauf-eines-dusch-wcs-ankommt/,Missing meta description,High
https://donau-ries-haustechnik.de/ph_news/worauf-es-beim-kauf-eines-dusch-wcs-ankommt/,H1 count is 2,Medium
https://donau-ries-haustechnik.de/ph_news/worauf-es-beim-kauf-eines-dusch-wcs-ankommt/,12 image(s) missing alt text,Medium
